maker,segment,brand,parent_group,origin_country,is_passenger_car
-SHRADHA INDUSTRIES,Small fabricator / workshop,(not a car maker),,,False
A-1 SUREJA INDUSTRIES,Small fabricator / workshop,(not a car maker),,,False
A. A. TRAILOR,Trailer,(not a car maker),,,False
A.B. AGRO ENGINEERING WORKS&ENTERPRISES,Tractor & Farm equipment,(not a car maker),,,False
A.K.S. GEN. & AGRL. INDUSTRIES,Small fabricator / workshop,(not a car maker),,,False
ACTION CONSTRUCTION EQUIPMENT LTD,Construction equipment,(not a car maker),,,False
ADARSH ROTAVATOR SALES,Tractor & Farm equipment,(not a car maker),,,False
ADICO ESCORTS AGRI EQUIPMENTS PVT. LTD,Tractor & Farm equipment,(not a car maker),,,False
AGI AUTO INDUSTRIES,Small fabricator / workshop,(not a car maker),,,False
AGRI KING TRACTORS & EQUIPMENTS PVT LTD,Tractor & Farm equipment,(not a car maker),,,False
AGRO INDUSTRIES,Tractor & Farm equipment,(not a car maker),,,False
AGRO TRAILERS,Tractor & Farm equipment,(not a car maker),,,False
AJANTA KRUSHI YANTRA,Tractor & Farm equipment,(not a car maker),,,False
AJAX ENGINEERING LTD,Construction equipment,(not a car maker),,,False
AJAY ENGINEERING AND AGRICULTURAL EQUIPMENT CO,Tractor & Farm equipment,(not a car maker),,,False
AKASH AGRO INDUSTRIES,Tractor & Farm equipment,(not a car maker),,,False
AKASH TRAILOR,Trailer,(not a car maker),,,False
AKSHAY INDUSTRIES,Small fabricator / workshop,(not a car maker),,,False
AKSHAYA AGRI EQUIPMENT & SERVICES PVT LTD,Tractor & Farm equipment,(not a car maker),,,False
AL-KHADEER ENGINEERING WORKS,Small fabricator / workshop,(not a car maker),,,False
ALL TERRAIN CRANE,Construction equipment,(not a car maker),,,False
AMAR ENGINEERING WORKS,Small fabricator / workshop,(not a car maker),,,False
AMBICA AGRICULTURE,Tractor & Farm equipment,(not a car maker),,,False
AMBICA ENGINEERING CO,Other / unclassified,(not a car maker),,,False
AMBICA IRON WORKS,Other / unclassified,(not a car maker),,,False
AMBICA WELDING WORKS,Small fabricator / workshop,(not a car maker),,,False
ANIL INDUSTRIES,Small fabricator / workshop,(not a car maker),,,False
ANJNEY EARTHMOVERS AND ENGINEERING,Construction equipment,(not a car maker),,,False
ANNAPURNA TRAILER IMPLEMENTS,Trailer,(not a car maker),,,False
APSAGROINDUSTRIESDEVOLPMENTCORPORATIONLT,Tractor & Farm equipment,(not a car maker),,,False
ARJUN AGRO INDUSTRIES,Tractor & Farm equipment,(not a car maker),,,False
ARJUN INDUSTRIES,Small fabricator / workshop,(not a car maker),,,False
ARUNA ENGINEERING WORKSHOP,Small fabricator / workshop,(not a car maker),,,False
ASHOK LEYLAND LTD,Commercial vehicle,(not a car maker),,,False
ASHOKA INDUSTRIES,Small fabricator / workshop,(not a car maker),,,False
ASTON MARTIN LAGONDA LTD,Other / unclassified,(not a car maker),,,False
ATHER ENERGY LTD,2W/3W maker (misfiled),(not a car maker),,,False
AUDI AG,Passenger car,Audi,Volkswagen Group,Germany,True
AUTOMOBILI LAMBORGHINI S.P.A,Passenger car,Lamborghini,Volkswagen Group,Italy,True
AWACHAT INDUSTRIES LTD,Small fabricator / workshop,(not a car maker),,,False
BABAR AGRO INDUSTRIES,Tractor & Farm equipment,(not a car maker),,,False
BAJAJ AUTO LTD,2W/3W maker (misfiled),(not a car maker),,,False
BAJRANG AGRO INDUSTRIES,Tractor & Farm equipment,(not a car maker),,,False
BAJRANG MECHANICAL WORKS,Small fabricator / workshop,(not a car maker),,,False
BALAJI AGRO INDUSTRIES,Tractor & Farm equipment,(not a car maker),,,False
BALAJI AUTO ENG WORKS,Small fabricator / workshop,(not a car maker),,,False
BALAJI ENGG WORKS,Small fabricator / workshop,(not a car maker),,,False
BALAJI FARM & STEEL WORKS,Tractor & Farm equipment,(not a car maker),,,False
BALAJI INDUSTRIES,Small fabricator / workshop,(not a car maker),,,False
BENTLEY MOTORS LIMITED,Passenger car,Bentley,Volkswagen Group,UK,True
BENTLEY MOTORS LTD (SAVWIPL),Passenger car,Bentley,Volkswagen Group,UK,True
BHANSALI AGRO TECH,Tractor & Farm equipment,(not a car maker),,,False
BHARAT AGRO ENGG WORKS,Tractor & Farm equipment,(not a car maker),,,False
BHARAT AGRO INDUSTRIES,Tractor & Farm equipment,(not a car maker),,,False
BHARAT BHUSHAN ENGNEERING WORK,Small fabricator / workshop,(not a car maker),,,False
BHARAT TRAILER AND AGRO WORKS,Tractor & Farm equipment,(not a car maker),,,False
BHARAT TRAILERS,Trailer,(not a car maker),,,False
BHARATH ENGINEERING WORKS,Small fabricator / workshop,(not a car maker),,,False
BHARATHI TRAILERS,Trailer,(not a car maker),,,False
BHARTI AGRICULTURE,Tractor & Farm equipment,(not a car maker),,,False
BHASKARA INDUSTRIES,Small fabricator / workshop,(not a car maker),,,False
BHAVANI TROLI WORKS,Other / unclassified,(not a car maker),,,False
BHOOMI ENGINEERING,Other / unclassified,(not a car maker),,,False
BHOYAR AGRO IND WARDHA,Tractor & Farm equipment,(not a car maker),,,False
BLACK DIAMOND MOTORS PVT LTD,Other / unclassified,(not a car maker),,,False
BMW INDIA PVT LTD,Passenger car,BMW,BMW Group,Germany,True
BULL MACHINES PVT LTD,Small fabricator / workshop,(not a car maker),,,False
BYD AUTO,Passenger car,BYD,BYD,China,True
BYD INDIA PRIVATE LIMITED,Passenger car,BYD,BYD,China,True
CAKE 0 EMISSION (IMPORTER: PEPFUELS TECHNOLOGIES),Other / unclassified,(not a car maker),,,False
CAMBAY PITRODA ENGG WORKS,Small fabricator / workshop,(not a car maker),,,False
CAPTAIN TRACTORS PVT. LTD,Tractor & Farm equipment,(not a car maker),,,False
CASE NEW HOLLAND CONSTRUCTION EQUIPMENT(I) PVT LTD,Construction equipment,(not a car maker),,,False
CHAMUNDA AGRICULTURE AND WELDING WORKS,Tractor & Farm equipment,(not a car maker),,,False
CHAMUNDA MECHANICLE WORKS,Small fabricator / workshop,(not a car maker),,,False
CHAND BABA ENGINEERING WORKS,Small fabricator / workshop,(not a car maker),,,False
CHARWICK ENGINEERING WORKS,Small fabricator / workshop,(not a car maker),,,False
CNH INDUSTRIAL (INDIA) PVT LTD,Tractor & Farm equipment,(not a car maker),,,False
CONMAT HEAVY INDUSTRIES PVT LTD,Small fabricator / workshop,(not a car maker),,,False
COOPER CORPORATION PVT LTD,Other / unclassified,(not a car maker),,,False
D K DIESELS PVT LTD,Small fabricator / workshop,(not a car maker),,,False
DAIMLER INDIA COMMERCIAL VEHICLES PVT. LTD,Commercial vehicle,(not a car maker),,,False
DASMESH MECHANICAL WORKS PVT.LTD,Tractor & Farm equipment,(not a car maker),,,False
DEEPTHI ENG WORKS,Small fabricator / workshop,(not a car maker),,,False
DEVI ENGG WORKS,Small fabricator / workshop,(not a car maker),,,False
DHANALAKSHMI ENGINEERING WORKS,Small fabricator / workshop,(not a car maker),,,False
DHARTI AGRICULTURE WORKS,Tractor & Farm equipment,(not a car maker),,,False
DHARTI AGROTECH,Tractor & Farm equipment,(not a car maker),,,False
"DIAMOND ENGG,CTC",Small fabricator / workshop,(not a car maker),,,False
DIVYA AGRICULTURE WORKS,Tractor & Farm equipment,(not a car maker),,,False
DIVYA VARALAKSHMI INDUSTRY,Small fabricator / workshop,(not a car maker),,,False
DIVYA VINAYAKA AGRO INDUSTRIES,Tractor & Farm equipment,(not a car maker),,,False
DOOSAN BOBCAT INDIA PVT LTD,Construction equipment,(not a car maker),,,False
DURGA INDUSTRIES,Small fabricator / workshop,(not a car maker),,,False
DURGA MECHANIC WORKS,Small fabricator / workshop,(not a car maker),,,False
DYS IMPEX PVT LTD,Other / unclassified,(not a car maker),,,False
EAGLE AGRO INSUTRIES,Tractor & Farm equipment,(not a car maker),,,False
EICHER POLARIS PVT. LTD,Other / unclassified,(not a car maker),,,False
EICHER TRACTORS,Tractor & Farm equipment,(not a car maker),,,False
ESCORTS CONSTRUCTION EQUIPMENT LTD,Construction equipment,(not a car maker),,,False
ESCORTS KUBOTA LIMITED (AGRI MACHINERY GROUP),Tractor & Farm equipment,(not a car maker),,,False
ESCORTS KUBOTA LIMITED (CONSTRUCTION EQUIPMENT),Construction equipment,(not a car maker),,,False
ESCORTS TRACTORS LTD,Tractor & Farm equipment,(not a car maker),,,False
FERRARI SPA,Passenger car,Ferrari,Ferrari,Italy,True
FERRARI SPA (IMPORTER:NAVNIT MOTORS PVT LTD),Passenger car,Ferrari,Ferrari,Italy,True
FERRARI SPA (IMPORTER:SELECT CARS P LTD),Passenger car,Ferrari,Ferrari,Italy,True
FIELDTRACK EARTHMOVERS PVT LTD,Construction equipment,(not a car maker),,,False
FIORI CONCRETE MACHINES INDIA PVT LTD,Small fabricator / workshop,(not a car maker),,,False
FORCE MOTORS LIMITED,Passenger car,Force,Force Motors,India,True
FORD INDIA PVT LTD,Other / unclassified,(not a car maker),,,False
FORD USA MILITARY BANTAM,Other / unclassified,(not a car maker),,,False
FRIENDS ENGINEERING WORKS,Small fabricator / workshop,(not a car maker),,,False
GAHIR AGRICULTURE INDUSTRIES,Tractor & Farm equipment,(not a car maker),,,False
GANESH AGRICULTURE WORKS,Tractor & Farm equipment,(not a car maker),,,False
GANESH AGRO INDUSTRIES,Tractor & Farm equipment,(not a car maker),,,False
GANESH ENGG WORKS,Small fabricator / workshop,(not a car maker),,,False
GANESH ENGINEERING WORKS,Small fabricator / workshop,(not a car maker),,,False
GANGA ENGINEERING WORKS,Small fabricator / workshop,(not a car maker),,,False
GANPATI AGRO INDUSTRIES,Tractor & Farm equipment,(not a car maker),,,False
GAYATRI AGRO INDUSTRIES,Tractor & Farm equipment,(not a car maker),,,False
GENERAL MOTORS INDIA PVT LTD,Other / unclassified,(not a car maker),,,False
GENERAL MOTORS LLC,Other / unclassified,(not a car maker),,,False
GIRIRAJ TRACTOR,Tractor & Farm equipment,(not a car maker),,,False
GOPAL ENGG. WORKS,Small fabricator / workshop,(not a car maker),,,False
GOWRI ENGINEERING WORKS,Small fabricator / workshop,(not a car maker),,,False
GRANT AGRO INDUSTRIES,Tractor & Farm equipment,(not a car maker),,,False
GROMAX AGRI EQUIPMENT LTD,Tractor & Farm equipment,(not a car maker),,,False
GROVE INDIA PVT LTD,Other / unclassified,(not a car maker),,,False
GURU NANAK INDUSTRIES PVT LTD,Small fabricator / workshop,(not a car maker),,,False
GURUKRAPA ENGINEERING WORKS,Small fabricator / workshop,(not a car maker),,,False
GURUKRUPA ENGINEERING,Other / unclassified,(not a car maker),,,False
GURUKRUPA WELDING WORKS,Small fabricator / workshop,(not a car maker),,,False
GURUNANAK INDUSTRIES PVT LTD,Small fabricator / workshop,(not a car maker),,,False
H H AGROTECH,Tractor & Farm equipment,(not a car maker),,,False
HAMM AG,Other / unclassified,(not a car maker),,,False
HANUMAN AGRO INDUSTRIES,Tractor & Farm equipment,(not a car maker),,,False
HARI OM SAI ENGINEERING,Other / unclassified,(not a car maker),,,False
HARITKRANTI AGRO UDYOG,Tractor & Farm equipment,(not a car maker),,,False
HARSORA IRON WORKS,Other / unclassified,(not a car maker),,,False
HEMAVATHI AGRO INDUSTRIES,Tractor & Farm equipment,(not a car maker),,,False
HERO MOTOCORP LTD,2W/3W maker (misfiled),(not a car maker),,,False
HET TRAILOR,Trailer,(not a car maker),,,False
HI TECH ENGINEERING BHADRAK CHARAMPA,Other / unclassified,(not a car maker),,,False
HIMANI AGRO INDUSTRIES,Tractor & Farm equipment,(not a car maker),,,False
HINDUSTAN AGRICULTURAL IMPLEMENTS ANTPR,Tractor & Farm equipment,(not a car maker),,,False
HINDUSTAN AGRO INDUSTRIES,Tractor & Farm equipment,(not a car maker),,,False
HINDUSTAN ENGINEERING WORKS,Small fabricator / workshop,(not a car maker),,,False
HINDUSTAN MOTORS LTD,Other / unclassified,(not a car maker),,,False
HIREN ENGINEERING WORKS,Small fabricator / workshop,(not a car maker),,,False
HITENDRA WELDING WORKS,Small fabricator / workshop,(not a car maker),,,False
HONDA CARS INDIA LTD,Passenger car,Honda,Honda,Japan,True
HONDA MOTORCYCLE AND SCOOTER INDIA (P) LTD,2W/3W maker (misfiled),(not a car maker),,,False
HOTA AGRO (WATER TANKER),Tractor & Farm equipment,(not a car maker),,,False
HYUNDAI MOTOR INDIA LTD,Passenger car,Hyundai,Hyundai,South Korea,True
INDIA YAMAHA MOTOR PVT LTD,2W/3W maker (misfiled),(not a car maker),,,False
INDO FARM EQUIPMENT LIMITED,Tractor & Farm equipment,(not a car maker),,,False
INFRA BAZAAR TECH PVT LTD,Other / unclassified,(not a car maker),,,False
INTERNATIONAL TRACTORS LIMITED,Tractor & Farm equipment,(not a car maker),,,False
ISUZU MOTORS INDIA PVT LTD,Passenger car,Isuzu,Isuzu,Japan,True
JADHAV AGRO INDUSTRIES PVT. LTD,Tractor & Farm equipment,(not a car maker),,,False
JAGDAMBA TRAILERS PVT LTD,Trailer,(not a car maker),,,False
JAGUAR LAND ROVER INDIA LIMITED,Passenger car,Jaguar Land Rover,Tata Motors,UK,True
JAGUAR LAND ROVER LIMITED UK,Passenger car,Jaguar Land Rover,Tata Motors,UK,True
JAHANVI INDUSTRIES,Small fabricator / workshop,(not a car maker),,,False
JAI BAJRANG ENGINEERING WORKS,Small fabricator / workshop,(not a car maker),,,False
JAI BHARATI ENGINEERING WORKS,Small fabricator / workshop,(not a car maker),,,False
JAI BHAVANI ENGINEERING WORKS,Small fabricator / workshop,(not a car maker),,,False
JAI SRI RAM ELECTRIC VEHICLE MANUFACTURING PVT LTD,Other / unclassified,(not a car maker),,,False
JAIGURUSAISUGUNAENGINEERINGWORKS,Small fabricator / workshop,(not a car maker),,,False
JAVED STEEL INDUSTRIES,Small fabricator / workshop,(not a car maker),,,False
JAY AGRO INDUSTRIES,Tractor & Farm equipment,(not a car maker),,,False
JAY ARJUN AGRO INDUSTRIES,Tractor & Farm equipment,(not a car maker),,,False
JAY BHAVANI TRAILOR,Trailer,(not a car maker),,,False
JAY CHAMUNDA ENGG WORKS,Small fabricator / workshop,(not a car maker),,,False
JAY CHAMUNDA KRUPA WELDING WORKS,Small fabricator / workshop,(not a car maker),,,False
JAY CHEHER TRECKNO FEBRICATION,Small fabricator / workshop,(not a car maker),,,False
JAY GURUDEV TRAILER,Trailer,(not a car maker),,,False
JAY JANARDAN TRAILOR,Trailer,(not a car maker),,,False
JAY KISAN AGRO INDUSTRIES,Tractor & Farm equipment,(not a car maker),,,False
JAY KISHAN TRAILER & ENGINEERING WORKS,Trailer,(not a car maker),,,False
JAY YOGESHWAR INDUSTRIES,Small fabricator / workshop,(not a car maker),,,False
JAYA AUTOMOTIVES PVT LTD,Other / unclassified,(not a car maker),,,False
JAYA LAKSHMI ENGINEERING WORKS,Small fabricator / workshop,(not a car maker),,,False
JAYANT ENGG CORPORATION,Small fabricator / workshop,(not a car maker),,,False
JCB INDIA LIMITED,Construction equipment,(not a car maker),,,False
JCB INDIA LTD,Construction equipment,(not a car maker),,,False
JOHN DEERE INDIA PVT LTD(CROP SOLUTION DIV),Tractor & Farm equipment,(not a car maker),,,False
JOHN DEERE INDIA PVT LTD(TRACTOR DEVISION),Tractor & Farm equipment,(not a car maker),,,False
JSW MG MOTOR INDIA PVT LTD,Passenger car,MG,JSW-SAIC,India / China,True
JVR ENGINEERING WORK SHOP,Small fabricator / workshop,(not a car maker),,,False
JYOTI ENGINEERING WORKS,Small fabricator / workshop,(not a car maker),,,False
K K AGRO INDUSTRIES,Tractor & Farm equipment,(not a car maker),,,False
K S AGROTECH,Tractor & Farm equipment,(not a car maker),,,False
K.G.N ENGINEERING TRAILER WORKS,Trailer,(not a car maker),,,False
K.S. AGRICULTURAL INDUSTRIES PVT. LTD,Tractor & Farm equipment,(not a car maker),,,False
K.S. AGROTECH PVT LTD,Tractor & Farm equipment,(not a car maker),,,False
KALYANI STEEL WORKS,Small fabricator / workshop,(not a car maker),,,False
KANAKADUGRA ENGINEERING,Other / unclassified,(not a car maker),,,False
KARTAR TRACTORS PRIVATE LIMITED,Tractor & Farm equipment,(not a car maker),,,False
KASIMI AGRO INDUSTRIES,Tractor & Farm equipment,(not a car maker),,,False
KASTKAR AGRO INDUSTRIES,Tractor & Farm equipment,(not a car maker),,,False
KAVA IRON WORKS,Other / unclassified,(not a car maker),,,False
KHEDUT AGRO FABS,Tractor & Farm equipment,(not a car maker),,,False
KIA INDIA PRIVATE LIMITED,Passenger car,Kia,Hyundai,South Korea,True
KIA MOTORS CORPN,Passenger car,Kia,Hyundai,South Korea,True
KINETIC MOTOR COMPANY LIMITED,2W/3W maker (misfiled),(not a car maker),,,False
KISAN AGRO INDUSTRIES,Tractor & Farm equipment,(not a car maker),,,False
KISAN ENGINEERING,Tractor & Farm equipment,(not a car maker),,,False
KISAN ENGINEERING WORKS,Tractor & Farm equipment,(not a car maker),,,False
KISAN SALES AGENCY,Tractor & Farm equipment,(not a car maker),,,False
KISHAN INDUSTRIES,Small fabricator / workshop,(not a car maker),,,False
KISHAN TRACTOR,Tractor & Farm equipment,(not a car maker),,,False
KK INDUSTRIES,Small fabricator / workshop,(not a car maker),,,False
KOHINOOR ENGGINEERING WORKS,Small fabricator / workshop,(not a car maker),,,False
KRISHNA AGRO ENGI,Tractor & Farm equipment,(not a car maker),,,False
KRUP P,Other / unclassified,(not a car maker),,,False
KRUSHI KISAN TRAILORS,Tractor & Farm equipment,(not a car maker),,,False
KSR SOLUTION (IMPORTER: KAWVELOCE MOTORS PVT LTD),Other / unclassified,(not a car maker),,,False
KUBOTA AGRICULTURAL MACHINERY INDIA PVT.LTD,Tractor & Farm equipment,(not a car maker),,,False
KUMARAN ENGINEERING ENTERPRISES,Small fabricator / workshop,(not a car maker),,,False
KURSHEED ENGINEERING WORKS,Small fabricator / workshop,(not a car maker),,,False
KUSHAL AGRO IND,Tractor & Farm equipment,(not a car maker),,,False
LAKSHMI AGRO INDUSTRIES,Tractor & Farm equipment,(not a car maker),,,False
LAKSHMI ENGINEERING WORKS,Small fabricator / workshop,(not a car maker),,,False
LAKSHMI GANAPATHI INDUSTRIES,Small fabricator / workshop,(not a car maker),,,False
LAKSHMI TEJASWINI ENGINEERING WORKS,Small fabricator / workshop,(not a car maker),,,False
LAXMI ENGINEERING WORKS,Small fabricator / workshop,(not a car maker),,,False
LEADER AGRO ENGINEERING WORKS,Tractor & Farm equipment,(not a car maker),,,False
LEENA AGRO INDUSTRIES (INDIA) PVT LTD,Tractor & Farm equipment,(not a car maker),,,False
LEXUS MOTORS LTD,Passenger car,Lexus,Toyota,Japan,True
LOCAL TRAILER MANUFACTURER,Trailer,(not a car maker),,,False
LOHIYA AGRO INDUSTRIES,Tractor & Farm equipment,(not a car maker),,,False
MADEENA TRAILER WORKS,Trailer,(not a car maker),,,False
MADHU ENGINEERING INDUSTRIES,Small fabricator / workshop,(not a car maker),,,False
MADHU TRACOR AND TRAILOR WORKS,Trailer,(not a car maker),,,False
MADINA ENGG. WORK,Small fabricator / workshop,(not a car maker),,,False
MADINA ENGINEERING WORKS,Small fabricator / workshop,(not a car maker),,,False
MAHADEV ENGG WORKS,Small fabricator / workshop,(not a car maker),,,False
MAHALAXMI ENG. WORKS,Small fabricator / workshop,(not a car maker),,,False
MAHALAXMI ENGG WORK,Small fabricator / workshop,(not a car maker),,,False
MAHENDRA INDUSTRIES,Small fabricator / workshop,(not a car maker),,,False
MAHINDRA & MAHINDRA LIMITED,Passenger car,Mahindra,Mahindra,India,True
MAHINDRA & MAHINDRA LIMITED (SWARAJ DIVISION),Tractor & Farm equipment,(not a car maker),,,False
MAHINDRA & MAHINDRA LIMITED (TRACTOR),Tractor & Farm equipment,(not a car maker),,,False
MAHINDRA & MAHINDRA LTD FARM MACHINERY DIVISION,Tractor & Farm equipment,(not a car maker),,,False
MAHINDRA DEFENCE SYSTEMS LTD,Other / unclassified,(not a car maker),,,False
MAHINDRA ELECTRIC AUTOMOBILE LTD,Passenger car,Mahindra,Mahindra,India,True
MAHINDRA ELECTRIC MOBILITY LIMITED,Commercial vehicle,(not a car maker),,,False
MAHINDRA LAST MILE MOBILITY LTD,Commercial vehicle,(not a car maker),,,False
MAMTA AGRO INDUSTRIES,Tractor & Farm equipment,(not a car maker),,,False
MANI ENGINEERING WORKS,Small fabricator / workshop,(not a car maker),,,False
MANIKANTA ENGINEERING WORKS,Small fabricator / workshop,(not a car maker),,,False
MARATHWADA QUALITY TRAILER,Trailer,(not a car maker),,,False
MARUTI AGRO INDUSTRIES,Passenger car,Maruti Suzuki,Suzuki,Japan,True
MARUTI INDUSTRIES,Passenger car,Maruti Suzuki,Suzuki,Japan,True
MARUTI MECHANICAL WORKS,Passenger car,Maruti Suzuki,Suzuki,Japan,True
MARUTI SUZUKI INDIA LTD,Passenger car,Maruti Suzuki,Suzuki,Japan,True
MARUTI UDYOG LTD,Passenger car,Maruti Suzuki,Suzuki,Japan,True
MASERATI S.P.A,Passenger car,Maserati,Stellantis,Italy,True
MASSEY FERGUSON LTD,Tractor & Farm equipment,(not a car maker),,,False
MASTHANVALLI AUTOLORRYBODY BLD,Small fabricator / workshop,(not a car maker),,,False
MBH ENGINEERING WORKS,Small fabricator / workshop,(not a car maker),,,False
MCLAREN AUTOMOTIVE (IMPORTER: INFINITY CARS),Other / unclassified,(not a car maker),,,False
MERCEDES BENZ,Passenger car,Mercedes-Benz,Mercedes-Benz,Germany,True
MERCEDES-BENZ AG,Passenger car,Mercedes-Benz,Mercedes-Benz,Germany,True
MERCEDES-BENZ INDIA PVT LTD,Passenger car,Mercedes-Benz,Mercedes-Benz,Germany,True
MITSUBISHI MOTORS CORPORATION,Other / unclassified,(not a car maker),,,False
"MURUGAN ENGG BODY BUILDERS, PILER",Small fabricator / workshop,(not a car maker),,,False
N K INDUSTRIES,Small fabricator / workshop,(not a car maker),,,False
NAGAMANIKANTA AGRO INDUSTRIES,Tractor & Farm equipment,(not a car maker),,,False
NANJING GOLDEN (IMPORTER: KALY EMOTORS),Other / unclassified,(not a car maker),,,False
NARMADA CHEMTECH,Other / unclassified,(not a car maker),,,False
NARMADA IRON WORKS,Other / unclassified,(not a car maker),,,False
NATH AGRO IMPLEMENTS PVT LTD,Tractor & Farm equipment,(not a car maker),,,False
NAVDURGA ENGINEERING WORKS,Small fabricator / workshop,(not a car maker),,,False
NAVDURGA MECHANIC WORKS,Small fabricator / workshop,(not a car maker),,,False
NAZEER ENGINEERING WORKS,Small fabricator / workshop,(not a car maker),,,False
NEW BHARAT AGRICULTURAL WORKS,Tractor & Farm equipment,(not a car maker),,,False
NEW CHAMUNDA WELDING WORKS,Small fabricator / workshop,(not a car maker),,,False
NEW HOLLAND FIAT INDIA PVT. LTD,Tractor & Farm equipment,(not a car maker),,,False
NEW LEADER AGRO ENGINEERING WORKS,Tractor & Farm equipment,(not a car maker),,,False
NEW LUCKY ENGINEERING WORKSHOP,Small fabricator / workshop,(not a car maker),,,False
NEW MALLIKARJUNA ENG WORKS,Small fabricator / workshop,(not a car maker),,,False
NEW MALLIKARJUNA ENGINEERING WORKS,Small fabricator / workshop,(not a car maker),,,False
NEW SANGMESHWAR TRAILORS & ENGINEERING WORKS,Trailer,(not a car maker),,,False
NEW SHETKARI ENGINEERING WORK,Tractor & Farm equipment,(not a car maker),,,False
NEW SHIV SHAKTI TRAILORS,Trailer,(not a car maker),,,False
NEW SHIVAM AGRICULTURE WORKS,Tractor & Farm equipment,(not a car maker),,,False
NEW SUPER QUALITY TRAILOR,Trailer,(not a car maker),,,False
NEW TEJAS ENGINEERING WORKS,Small fabricator / workshop,(not a car maker),,,False
NEW UMIYA TRAILER INDUSTRIES,Trailer,(not a car maker),,,False
NEW VIJAY MIRZAPUR,Other / unclassified,(not a car maker),,,False
NILKANTH AGRICULTURE,Tractor & Farm equipment,(not a car maker),,,False
NILKANTH TRAILOR,Trailer,(not a car maker),,,False
NISSAN MOTOR INDIA PVT LTD,Passenger car,Nissan,Nissan,Japan,True
OLECTRA GREENTECH LTD,Other / unclassified,(not a car maker),,,False
OM INDUSTRIES,Small fabricator / workshop,(not a car maker),,,False
OM SHREE SAI ENGINEERING,Other / unclassified,(not a car maker),,,False
OTHERS,Placeholder / unknown,(not a car maker),,,False
PADMAVATHI ENGINEERING WORKS,Small fabricator / workshop,(not a car maker),,,False
PADMAVATI ENGINEERING WORKS,Small fabricator / workshop,(not a car maker),,,False
PANCHAL ENGG WORKS,Small fabricator / workshop,(not a car maker),,,False
PANESAR AGRO TECH,Tractor & Farm equipment,(not a car maker),,,False
PARAS AGRO PRODUCTS,Tractor & Farm equipment,(not a car maker),,,False
PARAS ENGG WORKS,Small fabricator / workshop,(not a car maker),,,False
PARESH TRAILER,Trailer,(not a car maker),,,False
PARVATHI ENGINEERING WORKS,Small fabricator / workshop,(not a car maker),,,False
PATEL AGRICULTURE WORKS,Tractor & Farm equipment,(not a car maker),,,False
PATEL ENGINEERING,Other / unclassified,(not a car maker),,,False
PAUNIYA TRACTORS AND FARM EQUIPMENT PVT LTD,Tractor & Farm equipment,(not a car maker),,,False
PAVANPUTRA INDUSTRIES,Small fabricator / workshop,(not a car maker),,,False
"PEERAENGINEERINGWORKS,ANANTAHPURAM",Small fabricator / workshop,(not a car maker),,,False
PERFECT ENGINEERING WORKS,Small fabricator / workshop,(not a car maker),,,False
PERFECT TRAILER,Trailer,(not a car maker),,,False
PINNACLE MOBILITY SOLUTIONS PVT LTD,Other / unclassified,(not a car maker),,,False
POLARIS INDIA PVT LTD,Other / unclassified,(not a car maker),,,False
POONAM AGRO INDUSTRIES,Tractor & Farm equipment,(not a car maker),,,False
PORSCHE AG GERMANY,Passenger car,Porsche,Volkswagen Group,Germany,True
POWER TECH TECHNOLOGY,Other / unclassified,(not a car maker),,,False
POWERLAND AGRO TRACTOR VEHICLES PVT LTD,Tractor & Farm equipment,(not a car maker),,,False
PRAGATI ENGINEERING,Other / unclassified,(not a car maker),,,False
PRASAD ENTERPRISES & ENGINEERING,Small fabricator / workshop,(not a car maker),,,False
PREET AGRO INDUSTRIES PVT LTD,Tractor & Farm equipment,(not a car maker),,,False
PREET CONSRUCTION EQUIPMENTS PVT LTD,Tractor & Farm equipment,(not a car maker),,,False
PREET TRACTORS PVT LTD,Tractor & Farm equipment,(not a car maker),,,False
PUSHKAR INDUSTRIES,Small fabricator / workshop,(not a car maker),,,False
R.P.ENGINEERING WORKS,Small fabricator / workshop,(not a car maker),,,False
RADHE KISAN ENGG WORKS,Tractor & Farm equipment,(not a car maker),,,False
RADHESHYAM TRAILOR,Trailer,(not a car maker),,,False
RAHEEM AGRO WELDING WORKS,Tractor & Farm equipment,(not a car maker),,,False
RAJ ENGINEERING WORKS,Small fabricator / workshop,(not a car maker),,,False
RAJ SHAKTI AGRO INDUSTRIES,Tractor & Farm equipment,(not a car maker),,,False
RAJA ENG WORK,Small fabricator / workshop,(not a car maker),,,False
RAJU AGRO ENGG.WORKS,Tractor & Farm equipment,(not a car maker),,,False
RAKSHITA ENGINEERING WORKS,Small fabricator / workshop,(not a car maker),,,False
RAM AGRO MACHINARY,Tractor & Farm equipment,(not a car maker),,,False
RAM VIJAY AGRO INDUSTRIES,Tractor & Farm equipment,(not a car maker),,,False
RANGE AUTOMOBILES PVT LTD,Other / unclassified,(not a car maker),,,False
RATAN ENGINEERING WORKS,Small fabricator / workshop,(not a car maker),,,False
RAVI ENGINEERING WORKS,Small fabricator / workshop,(not a car maker),,,False
REDDY AGRO ENGG WORKS,Tractor & Farm equipment,(not a car maker),,,False
REDDY ENGINEERING AND CO,Other / unclassified,(not a car maker),,,False
RENAULT INDIA PVT LTD,Passenger car,Renault,Renault,France,True
RENAULT NISSAN AUTOMOTIVE INDIA PRIVATE LIMITED,Passenger car,Renault,Renault,France,True
REVOLT INTELLICORP PVT LTD,2W/3W maker (misfiled),(not a car maker),,,False
RK TRACTOR,Tractor & Farm equipment,(not a car maker),,,False
ROLLS ROYCE,Other / unclassified,(not a car maker),,,False
ROLLS ROYCE MOTOR (IMPORTER: KUN MOTOR),Other / unclassified,(not a car maker),,,False
ROLLS-ROYCE MOTOR CARS(IMPORTER:SELECT CARS P LTD),Passenger car,Rolls-Royce,BMW Group,UK,True
ROYCE EV PVT LTD,Other / unclassified,(not a car maker),,,False
RYTHU MITHRA ENGINEERING WORKS,Small fabricator / workshop,(not a car maker),,,False
S R K TRAILER WORKS,Trailer,(not a car maker),,,False
S S ENGINEERING WORKS,Small fabricator / workshop,(not a car maker),,,False
S S G P INDUSTRIES,Small fabricator / workshop,(not a car maker),,,False
S. SHAREEF ENGINEERING WORK SHOP,Small fabricator / workshop,(not a car maker),,,False
S.V.RAJ ENGINEERING WORKS,Small fabricator / workshop,(not a car maker),,,False
SACHITANAND ENGINEERING WORKS,Small fabricator / workshop,(not a car maker),,,False
SADGURU AGRO INDUSTRIES,Tractor & Farm equipment,(not a car maker),,,False
SADGURU TRAILER & AGRI EQUIP,Tractor & Farm equipment,(not a car maker),,,False
SAERA ELECTRIC AUTO PVT LTD,Other / unclassified,(not a car maker),,,False
SAGAR AGRO STEEL INDUSTRIES,Tractor & Farm equipment,(not a car maker),,,False
SAHARA TRALIORS,Other / unclassified,(not a car maker),,,False
SAI AGRO MECHINERY,Tractor & Farm equipment,(not a car maker),,,False
SAI DURGA ARC WELDING WORKS,Small fabricator / workshop,(not a car maker),,,False
SAI DURGA ENGINEERING WORKS,Small fabricator / workshop,(not a car maker),,,False
SAI ENGINEERING,Other / unclassified,(not a car maker),,,False
SAI ENGINEERING AND WELDING WORKS,Small fabricator / workshop,(not a car maker),,,False
SAI INDUSTRIES (AJINKYA TRAILER),Trailer,(not a car maker),,,False
SAI RAJ AGRO INDUSTRIES,Tractor & Farm equipment,(not a car maker),,,False
SAI RAM AGRO INDUSTRIES,Tractor & Farm equipment,(not a car maker),,,False
SAI SARATHKUMAR ENGINEERING WORKS,Small fabricator / workshop,(not a car maker),,,False
SAI SIVA ENGINEERING WORKS,Small fabricator / workshop,(not a car maker),,,False
SAI SRINIVASA HARVESTERS,Tractor & Farm equipment,(not a car maker),,,False
SAI TRAILERS,Trailer,(not a car maker),,,False
SAINATH AGRO IND,Tractor & Farm equipment,(not a car maker),,,False
SAMAY AGRO INDUSTRIES,Tractor & Farm equipment,(not a car maker),,,False
SAMBASIVA MODERN INDUSTRIES,Small fabricator / workshop,(not a car maker),,,False
SAME DEUTZ-FAHR INDIA (P) LTD,Tractor & Farm equipment,(not a car maker),,,False
SANDEEP INDUSTRIES,Small fabricator / workshop,(not a car maker),,,False
SANTKRUPA ENGINEERING WORKS,Small fabricator / workshop,(not a car maker),,,False
SANTKRUPA MACHINE TOOLS,Small fabricator / workshop,(not a car maker),,,False
SAYA AGRO INDUSTRIES,Tractor & Farm equipment,(not a car maker),,,False
SHAKTI ENGG WORKS,Small fabricator / workshop,(not a car maker),,,False
SHAKTI ENGINEERING WORKS,Small fabricator / workshop,(not a car maker),,,False
SHAKTI INDUSTRIES,Small fabricator / workshop,(not a car maker),,,False
SHAKTIMINING EQUIPMENT,Construction equipment,(not a car maker),,,False
SHANKAR INDUSTRIES,Small fabricator / workshop,(not a car maker),,,False
SHIRIDI SAI ENGINEERING WORKS,Small fabricator / workshop,(not a car maker),,,False
"SHIRIDI SAI TRAILER WORKS,CHITTOOR",Trailer,(not a car maker),,,False
SHIV AGRICULTURE,Tractor & Farm equipment,(not a car maker),,,False
SHIV AGRO INDUSTRIES,Tractor & Farm equipment,(not a car maker),,,False
SHIV SHAKTI AGRO INDUSTRIES,Tractor & Farm equipment,(not a car maker),,,False
SHIV SHAKTI ENG. WORKS,Small fabricator / workshop,(not a car maker),,,False
SHIV SHAKTI FABRICATION,Small fabricator / workshop,(not a car maker),,,False
SHIV SHAKTI MECHANICAL WORKS,Small fabricator / workshop,(not a car maker),,,False
SHIVA GAYATRI ENGG WORKS,Small fabricator / workshop,(not a car maker),,,False
SHIVAJI AGRO INDUSTRIES,Tractor & Farm equipment,(not a car maker),,,False
SHIVAM AGRICULTURE WORKS,Tractor & Farm equipment,(not a car maker),,,False
SHIVAM ENGINEERING WORKS,Small fabricator / workshop,(not a car maker),,,False
SHIVAM TRAILER,Trailer,(not a car maker),,,False
SHIVASHAKTHI ENG WORKS,Small fabricator / workshop,(not a car maker),,,False
SHIVKRUPA TRAILOR,Trailer,(not a car maker),,,False
SHIVRAJ TRAILOR,Trailer,(not a car maker),,,False
SHIVSHAKTI STEEL INDUSTRIES LATUR,Small fabricator / workshop,(not a car maker),,,False
SHOBHA ENG WORKS,Small fabricator / workshop,(not a car maker),,,False
SHREE AMBIKA ENGG WORKS,Small fabricator / workshop,(not a car maker),,,False
SHREE ASHAPURI TRAILER WORKS,Trailer,(not a car maker),,,False
SHREE BHOJAL INDUSTRIES,Small fabricator / workshop,(not a car maker),,,False
SHREE CHAMUNDA WELDING WORKS,Small fabricator / workshop,(not a car maker),,,False
SHREE DHARTI AGRICULTURE WORKS,Tractor & Farm equipment,(not a car maker),,,False
SHREE DIPESHWARI INDUSTRIES,Small fabricator / workshop,(not a car maker),,,False
SHREE GOKUL INDUSTRIES,Small fabricator / workshop,(not a car maker),,,False
SHREE GURUKRUPA AGRO INDUSTRIES,Tractor & Farm equipment,(not a car maker),,,False
SHREE KHODAL AGRO INDUSTRIES,Tractor & Farm equipment,(not a car maker),,,False
SHREE KRISHNA ENTERPRISE,Small fabricator / workshop,(not a car maker),,,False
SHREE KULDEVI AGRO INDUSTRIES,Tractor & Farm equipment,(not a car maker),,,False
SHREE MAHALAXMI AGRO INDUSTRIES,Tractor & Farm equipment,(not a car maker),,,False
SHREE MAHALAXMI AGRO WORKS,Tractor & Farm equipment,(not a car maker),,,False
SHREE MARUTI AGRO EQUIPMENT,Passenger car,Maruti Suzuki,Suzuki,Japan,True
SHREE MELADI WELDING WORKS,Small fabricator / workshop,(not a car maker),,,False
SHREE NAVDURGA INDUSTRIES,Small fabricator / workshop,(not a car maker),,,False
SHREE PRABHAT AGRO INDUSTRIES,Tractor & Farm equipment,(not a car maker),,,False
SHREE RAGHURAMKRUPA STEEL,Small fabricator / workshop,(not a car maker),,,False
SHREE RAM AGRO INDUSTRIES,Tractor & Farm equipment,(not a car maker),,,False
SHREE SAI AGRO ENGINEERING WORKS,Tractor & Farm equipment,(not a car maker),,,False
SHREE SHYAM AGROTECH,Tractor & Farm equipment,(not a car maker),,,False
SHREE VISHNU KRUSHISADHAN WORKS,Tractor & Farm equipment,(not a car maker),,,False
SHREE VISHWAKARMA TRAILER WORK,Trailer,(not a car maker),,,False
SHREEJI INDUSTRIES,Small fabricator / workshop,(not a car maker),,,False
SHRI DATTA AGRO INDUSTRIES,Tractor & Farm equipment,(not a car maker),,,False
SHRI MAHALAXMI AGRO IND,Tractor & Farm equipment,(not a car maker),,,False
SHRI RAM ENGINEERING WORKS,Small fabricator / workshop,(not a car maker),,,False
SHRI SHIVAJI ENG WORKS,Small fabricator / workshop,(not a car maker),,,False
SHRI SHYAM ENGG WORKS,Small fabricator / workshop,(not a car maker),,,False
SHRI VADESHWAR TRAILORS,Trailer,(not a car maker),,,False
SHRI VENKATESHWAR AGRO INDUSTRIES,Tractor & Farm equipment,(not a car maker),,,False
SHRI VISHWAKARMA AUTOMOBILE,Other / unclassified,(not a car maker),,,False
SHRINIWAS AGRO INDUSTRIES,Tractor & Farm equipment,(not a car maker),,,False
SHUBHAM AGRO INDUSTRY,Tractor & Farm equipment,(not a car maker),,,False
SHUBHLAKSHMI AGRO INDUSTRIES,Tractor & Farm equipment,(not a car maker),,,False
SHYAM AGRO INDUSTRIES,Tractor & Farm equipment,(not a car maker),,,False
SHYAM ENGG WORKS,Small fabricator / workshop,(not a car maker),,,False
SIDDHAKALA ENGINEERING AND WELDING WORKS,Small fabricator / workshop,(not a car maker),,,False
SIDDHESHWAR AGRO INDUSTRIES,Tractor & Farm equipment,(not a car maker),,,False
SIDDHI ENGINEERING WORKS,Small fabricator / workshop,(not a car maker),,,False
SIYARAM TRAILORS,Trailer,(not a car maker),,,False
SKODA AUTO AS,Passenger car,Skoda-VW,Volkswagen Group,Germany,True
SKODA AUTO INDIA PVT LTD,Passenger car,Skoda-VW,Volkswagen Group,Germany,True
SKODA AUTO VOLKSWAGEN INDIA PVT LTD,Passenger car,Skoda-VW,Volkswagen Group,Germany,True
SML MAHINDRA LTD,Commercial vehicle,(not a car maker),,,False
SOLANKE ENGINEERING WORKS,Small fabricator / workshop,(not a car maker),,,False
SOLANKI MECHANICAL WORKS,Small fabricator / workshop,(not a car maker),,,False
SONAL INDUSTRIES,Small fabricator / workshop,(not a car maker),,,False
SONALIKA INTERNATIONAL TRACTORS LIMITED,Tractor & Farm equipment,(not a car maker),,,False
SREE PRASANNA DURGA TRAILER WORKS,Trailer,(not a car maker),,,False
SREE SARAVANABAVA AGRO INDUSTRIES,Tractor & Farm equipment,(not a car maker),,,False
SREESIDDIVINAYAKAENGINEERINGWORKS,Small fabricator / workshop,(not a car maker),,,False
SREEVANI INDUSTRIES,Small fabricator / workshop,(not a car maker),,,False
SRI AYYAPPA AGRO INDUSTRIES,Tractor & Farm equipment,(not a car maker),,,False
SRI BALAJI ENGINEERING WORKS,Small fabricator / workshop,(not a car maker),,,False
SRI BALAJI ENGINEERING WORKS ANTPR,Small fabricator / workshop,(not a car maker),,,False
SRI BALAKRISHNA FOUNDRY&MECH WORKS,Other / unclassified,(not a car maker),,,False
SRI BHAVANI ENGINEERING WORKS,Small fabricator / workshop,(not a car maker),,,False
SRI CHENGALAMMA TAILOR WORKS,Other / unclassified,(not a car maker),,,False
SRI DURGA MANIKANTA WELDING WORKS,Small fabricator / workshop,(not a car maker),,,False
SRI DURGA TRAILERS,Trailer,(not a car maker),,,False
SRI GAYATHRI ENGINEERING WORKS,Small fabricator / workshop,(not a car maker),,,False
SRI GAYATRI ENGINEERING WORKS,Small fabricator / workshop,(not a car maker),,,False
SRI KRISHNA ENGINEERING WORKS,Small fabricator / workshop,(not a car maker),,,False
SRI KUMAR AGRO INDUSTRIES,Tractor & Farm equipment,(not a car maker),,,False
SRI LAKSHMI AGRO INDUSTRIES,Tractor & Farm equipment,(not a car maker),,,False
SRI LAKSHMI ENGINEERING INDUSTRIES,Small fabricator / workshop,(not a car maker),,,False
SRI LAKSHMI ENGINEERING WORKS,Small fabricator / workshop,(not a car maker),,,False
SRI LAKSHMI GANAPATHI ENGG WORKS,Small fabricator / workshop,(not a car maker),,,False
SRI LAKSHMI GANESH ENGINEERING WORKS,Small fabricator / workshop,(not a car maker),,,False
SRI LAKSHMI MOTORS & ENGG WORKS,Small fabricator / workshop,(not a car maker),,,False
SRI LAKSHMI SRINIVASA AGRO INDUSTRIES,Tractor & Farm equipment,(not a car maker),,,False
SRI LAKSHMI SRINIVASA STEELS,Small fabricator / workshop,(not a car maker),,,False
SRI LAKSHMI TRADERS,Other / unclassified,(not a car maker),,,False
SRI LAKSHMI VENKATESWARA ENGG WORKS,Small fabricator / workshop,(not a car maker),,,False
SRI MANIKANTA ENGINEERING WORKS,Small fabricator / workshop,(not a car maker),,,False
SRI PADMAVATHI ENGINEERING WORKS,Small fabricator / workshop,(not a car maker),,,False
SRI PYDITALLAMMA AGR FABRICATIONS,Small fabricator / workshop,(not a car maker),,,False
SRI RAVI ENGINEERING WORKS,Small fabricator / workshop,(not a car maker),,,False
SRI SAI AGRO INDUSTRIES,Tractor & Farm equipment,(not a car maker),,,False
SRI SAI CHANDRIKA ENGINEERING WORKS,Small fabricator / workshop,(not a car maker),,,False
SRI SAI ENGINEERING WORKS,Small fabricator / workshop,(not a car maker),,,False
SRI SAI KIRAN ENGG WORKS,Small fabricator / workshop,(not a car maker),,,False
SRI SAI SUDHA ENGINEERING WORKS,Small fabricator / workshop,(not a car maker),,,False
SRI SAI VISAKHA ENGG WORKS,Small fabricator / workshop,(not a car maker),,,False
SRI SAMBA SIVA ENGINEERING WORKS,Small fabricator / workshop,(not a car maker),,,False
SRI SANKAR REDDY ENGINEERING WORKS,Small fabricator / workshop,(not a car maker),,,False
SRI SATYA AGRO INDUSTRIES,Tractor & Farm equipment,(not a car maker),,,False
SRI SATYANARAYANA ENGINEERING W,Other / unclassified,(not a car maker),,,False
SRI SEETHA RAMA INDUSTRIES,Small fabricator / workshop,(not a car maker),,,False
SRI SEETHA RAMA SMALL SCALE INDUSTRIES,Small fabricator / workshop,(not a car maker),,,False
SRI SIDDHI VINAYAKA ENGINEERING WORKS AP203574,Small fabricator / workshop,(not a car maker),,,False
SRI SRI MARUTHI ENGINEERING WORKS,Small fabricator / workshop,(not a car maker),,,False
SRI SRINIVASA AUTO ENGNEERING WORKS,Small fabricator / workshop,(not a car maker),,,False
SRI SRINIVASA ENGINEERING WORKS,Small fabricator / workshop,(not a car maker),,,False
SRI SURYA ENGINEERING,Other / unclassified,(not a car maker),,,False
SRI VARASIDDI VINAYAKA ENGG WORKS,Small fabricator / workshop,(not a car maker),,,False
SRI VASU ENGINEERING WORKS,Small fabricator / workshop,(not a car maker),,,False
SRI VENKATA DURGA AGRO WORKS,Tractor & Farm equipment,(not a car maker),,,False
SRI VENKATA RAMA ENGG WORKSHOP,Small fabricator / workshop,(not a car maker),,,False
SRI VENKATA RAMANA AGRO INDUSTRIES,Tractor & Farm equipment,(not a car maker),,,False
SRI VENKATA RAMANA ENGINEERING WORKS,Small fabricator / workshop,(not a car maker),,,False
SRI VENKATA SAI DURGA ENGG WORKS,Small fabricator / workshop,(not a car maker),,,False
SRI VENKATA SAI ENGINEERING WORKS,Small fabricator / workshop,(not a car maker),,,False
SRI VENKATA SIVA SAI AGRO IND,Tractor & Farm equipment,(not a car maker),,,False
SRI VENKATALAKSHMI ENGINEERING WORKS,Small fabricator / workshop,(not a car maker),,,False
SRI VENKATESWARA ENGINEERING WORKS,Small fabricator / workshop,(not a car maker),,,False
SRI VIJAYA SAI ENGINEERING WORKS,Small fabricator / workshop,(not a car maker),,,False
SRI VIJAYALAKSHMI AGRO INDUSTRIES,Tractor & Farm equipment,(not a car maker),,,False
SRI VINAYAKA ENGINEERING WORKS,Small fabricator / workshop,(not a car maker),,,False
SRI VISHNU PRIYA ENGG WORKS,Small fabricator / workshop,(not a car maker),,,False
SRINIVAS ENGINEERING WORKS RAYAGADA,Small fabricator / workshop,(not a car maker),,,False
SRINIVASA ENGINEERING WORKS,Small fabricator / workshop,(not a car maker),,,False
SRINIVASA WELDING WORKS,Small fabricator / workshop,(not a car maker),,,False
SRIRAGHAVAKRISHNASMALLSCALEENGINEERING,Other / unclassified,(not a car maker),,,False
SRISAILESWARA PRODDATUR TROLLEYWORKS,Trailer,(not a car maker),,,False
SRISAIVISAKHAAGROINDUSTRIESKRISHNA,Tractor & Farm equipment,(not a car maker),,,False
SRIVENKATASIVASAIAGRITECHENGINEERS,Tractor & Farm equipment,(not a car maker),,,False
SRIVENKATESWARAENGINEERINGWORKS,Small fabricator / workshop,(not a car maker),,,False
"SRT TRAILOR WORKS,CHITTOOR",Trailer,(not a car maker),,,False
STANDARD CORPORATION INDIA LTD,Other / unclassified,(not a car maker),,,False
STAR WELDING WORKS,Small fabricator / workshop,(not a car maker),,,False
STELLANTIS AUTOMOBILES INDIA PVT LTD,Passenger car,Stellantis (Jeep/Citroen),Stellantis,Netherlands,True
STELLANTIS INDIA PVT LTD,Passenger car,Stellantis (Jeep/Citroen),Stellantis,Netherlands,True
SUBRAHMANYESWARA AGRO INDUSTRIES,Tractor & Farm equipment,(not a car maker),,,False
SUBRAHMANYESWARA ENGG WORKS,Small fabricator / workshop,(not a car maker),,,False
SUNRISE ENTERPRISE,Small fabricator / workshop,(not a car maker),,,False
SUPERIOR MANUFACTURING COMPANY,Other / unclassified,(not a car maker),,,False
SURAJ ENGINEERING WORKS,Small fabricator / workshop,(not a car maker),,,False
SURESH AGRO PROODUCTS,Tractor & Farm equipment,(not a car maker),,,False
SUZUKI MOTORCYCLE INDIA PVT LTD,2W/3W maker (misfiled),(not a car maker),,,False
SWARAJ AUTOMOTIVES LTD,Tractor & Farm equipment,(not a car maker),,,False
SWARNALATHA ENGINEERING WORKS,Small fabricator / workshop,(not a car maker),,,False
SWASTIK ENGINEERING WORKS,Small fabricator / workshop,(not a car maker),,,False
SWASTIK INDUSTRIES,Small fabricator / workshop,(not a car maker),,,False
TAFE LIMITED,Tractor & Farm equipment,(not a car maker),,,False
TATA ADVANCED SYSTEMS LTD,Other / unclassified,(not a car maker),,,False
TATA MOTORS LTD,Passenger car,Tata,Tata Motors,India,True
TATA MOTORS PASSENGER VEHICLES LTD,Passenger car,Tata,Tata Motors,India,True
TATA PASSENGER ELECTRIC MOBILITY LTD,Passenger car,Tata,Tata Motors,India,True
TESLA INDIA MOTORS AND ENERGY PVT LTD,Passenger car,Tesla,Tesla,USA,True
THIRUMALA ENGG WORKS,Small fabricator / workshop,(not a car maker),,,False
THIRUMALA ENGINEERING WORKS,Small fabricator / workshop,(not a car maker),,,False
TI CLEAN MOBILITY PVT LTD,Other / unclassified,(not a car maker),,,False
TIRTH AGRO TECHNOLOGY PVT LTD,Tractor & Farm equipment,(not a car maker),,,False
TIRUMALA ENGINEERING WORKS,Small fabricator / workshop,(not a car maker),,,False
TIVOLT ELECTRIC VEHICLES PVT LTD,Other / unclassified,(not a car maker),,,False
TOYOTA KIRLOSKAR MOTOR PVT LTD,Passenger car,Toyota,Toyota,Japan,True
TRACTOR VANDANA GREEN,Tractor & Farm equipment,(not a car maker),,,False
TRANS MECH SYSTEMS,Other / unclassified,(not a car maker),,,False
TRIMURTI AGRO INDUSTRIES,Tractor & Farm equipment,(not a car maker),,,False
TRIMURTI INDUSTRIES,Small fabricator / workshop,(not a car maker),,,False
TRIMURTI TRAILER,Trailer,(not a car maker),,,False
TULJABHAWANI AGRO INDUSTRIES,Tractor & Farm equipment,(not a car maker),,,False
TULSI TRAILER,Trailer,(not a car maker),,,False
TVS MOTOR COMPANY LTD,2W/3W maker (misfiled),(not a car maker),,,False
UMA INDUSTRY,Small fabricator / workshop,(not a car maker),,,False
UNIVERSAL ENGINEERING,Other / unclassified,(not a car maker),,,False
USMAN ENGINEERING WORKS,Small fabricator / workshop,(not a car maker),,,False
V P AUTOMOBILES,Other / unclassified,(not a car maker),,,False
V R AGRO EQUIPMENTS,Tractor & Farm equipment,(not a car maker),,,False
V R WELDING WORKS,Small fabricator / workshop,(not a car maker),,,False
V.S.T. TILLERS TRACTORS LIMITED,Tractor & Farm equipment,(not a car maker),,,False
VAGHESHWARI FABRICATION,Small fabricator / workshop,(not a car maker),,,False
VAIBHAV AGRO INDUSTRIES,Tractor & Farm equipment,(not a car maker),,,False
VAIBHAV ENGG. WORKS,Small fabricator / workshop,(not a car maker),,,False
VALDO TRACTORS PVT LTD,Tractor & Farm equipment,(not a car maker),,,False
VE COMMERCIAL VEHICLES LTD,Commercial vehicle,(not a car maker),,,False
VEERBHADRA ENGINEERING WORKS,Small fabricator / workshop,(not a car maker),,,False
VEGAD ENTERPRISE,Small fabricator / workshop,(not a car maker),,,False
VELOCIFERO (IMPORTER: KAWVELOCE MOTORS PVT LTD),Other / unclassified,(not a car maker),,,False
VENKATESWARA ENGINEERING WORKS,Small fabricator / workshop,(not a car maker),,,False
VIDARBHA TRAILERS,Trailer,(not a car maker),,,False
VIJAY ENGINEERING WORKS,Small fabricator / workshop,(not a car maker),,,False
VIJAY TROLLY WORKS,Trailer,(not a car maker),,,False
VIJAYA DURGA ENGINEERING WORKS,Small fabricator / workshop,(not a car maker),,,False
VIJAYALAKSHIMI ENGG WORKS,Small fabricator / workshop,(not a car maker),,,False
VIKAS ENGG WORKS,Small fabricator / workshop,(not a car maker),,,False
VIKASH TRAILERS,Trailer,(not a car maker),,,False
VIKRANTH TRACTOR WORKS,Tractor & Farm equipment,(not a car maker),,,False
VINAYAK AGRO INDUSTRIES,Tractor & Farm equipment,(not a car maker),,,False
VINFAST AUTO INDIA PVT LTD,Passenger car,VinFast,Vingroup,Vietnam,True
VINTAGE VEHICLES,Other / unclassified,(not a car maker),,,False
VISAKHA AUTO GRAGE,Other / unclassified,(not a car maker),,,False
VISHNU AGRO ENGINEERING WORKS,Tractor & Farm equipment,(not a car maker),,,False
VISHWA SANJAY TRAILOR,Trailer,(not a car maker),,,False
VISWAKARMA AGRO INDUSTRIES,Tractor & Farm equipment,(not a car maker),,,False
VIVEK ENGG. WORKS,Small fabricator / workshop,(not a car maker),,,False
VOLKSWAGEN AG,Passenger car,Skoda-VW,Volkswagen Group,Germany,True
VOLVO,Passenger car,Volvo,Geely,Sweden,True
VOLVO AUTO INDIA PVT LTD,Passenger car,Volvo,Geely,Sweden,True
VRUNDAVAN ENGG WORKS,Small fabricator / workshop,(not a car maker),,,False
VST TILLER TRACTOR LTD,Tractor & Farm equipment,(not a car maker),,,False
VST ZETOR PVT LTD,Tractor & Farm equipment,(not a car maker),,,False
VYOMEV MOTORS PVT LTD,Other / unclassified,(not a car maker),,,False
WILLYS INDIA LTD,Other / unclassified,(not a car maker),,,False
WUHAN LOTUS (IMPORTER: EXCLUSIVE MOTORS PVT LTD),Passenger car,Lotus,Geely,UK,True
"XUZHOU CONSTRUCTION MACHINERY GROUP CO. LTD, CHINA",Construction equipment,(not a car maker),,,False
XYZ1,Placeholder / unknown,(not a car maker),,,False
YASH AGRO ENGINEERING WORKS,Tractor & Farm equipment,(not a car maker),,,False
YOGI AGRO INDUSTRIES,Tractor & Farm equipment,(not a car maker),,,False
YOGIRAJ ENGINEERING COMPANY,Other / unclassified,(not a car maker),,,False
